{"cameraMode":{"drawMode":0,"name":"Shaded","section":"Shading Mode"},"sceneLighting":false,"audioPlay":false,"sceneViewState":{"showFog":true,"showMaterialUpdate":false,"showSkybox":false,"showFlares":true,"showImageEffects":true,"showParticleSystems":true,"showVisualEffectGraphs":true,"m_FxEnabled":true},"in2DMode":false,"pivot":{"x":-0.00048606781638227403,"y":2.3359222412109377,"z":0.1362007111310959},"rotation":{"x":-0.1709829717874527,"y":0.7560285925865173,"z":-0.21811585128307343,"w":-0.5930469632148743},"size":1.4361406564712525,"orthographic":false}