{"cameraMode":{"drawMode":0,"name":"Shaded","section":"Shading Mode"},"sceneLighting":false,"audioPlay":false,"sceneViewState":{"showFog":true,"showMaterialUpdate":false,"showSkybox":false,"showFlares":true,"showImageEffects":true,"showParticleSystems":true,"showVisualEffectGraphs":true,"m_FxEnabled":true},"in2DMode":false,"pivot":{"x":-0.000023962940758792683,"y":-2.00999116897583,"z":-0.2849833071231842},"rotation":{"x":-0.08120228350162506,"y":0.8861189484596252,"z":-0.42349284887313845,"w":-0.17013567686080934},"size":3.521561622619629,"orthographic":false}