{"cameraMode":{"drawMode":0,"name":"Shaded","section":"Shading Mode"},"sceneLighting":false,"audioPlay":false,"sceneViewState":{"showFog":true,"showMaterialUpdate":false,"showSkybox":false,"showFlares":true,"showImageEffects":true,"showParticleSystems":true,"showVisualEffectGraphs":true,"m_FxEnabled":true},"in2DMode":false,"pivot":{"x":-1.7432475090026856,"y":0.2506956458091736,"z":-11.356300354003907},"rotation":{"x":0.047018349170684817,"y":0.5376174449920654,"z":-0.030014270916581155,"w":0.8413945436477661},"size":0.000017320508050033823,"orthographic":false}