{"cameraMode":{"drawMode":0,"name":"Shaded","section":"Shading Mode"},"sceneLighting":false,"audioPlay":false,"sceneViewState":{"showFog":true,"showMaterialUpdate":false,"showSkybox":false,"showFlares":true,"showImageEffects":true,"showParticleSystems":true,"showVisualEffectGraphs":true,"m_FxEnabled":true},"in2DMode":false,"pivot":{"x":0.05900920554995537,"y":0.6583357453346252,"z":-0.2745768129825592},"rotation":{"x":0.008998417295515538,"y":-0.9865270853042603,"z":0.058082692325115207,"w":0.15274226665496827},"size":0.8196181654930115,"orthographic":false}