{"cameraMode":{"drawMode":0,"name":"Shaded","section":"Shading Mode"},"sceneLighting":false,"audioPlay":false,"sceneViewState":{"showFog":true,"showMaterialUpdate":false,"showSkybox":false,"showFlares":true,"showImageEffects":true,"showParticleSystems":true,"showVisualEffectGraphs":true,"m_FxEnabled":true},"in2DMode":false,"pivot":{"x":-8.883390426635743,"y":-2.3471925258636476,"z":-1.7764147520065308},"rotation":{"x":0.043535396456718448,"y":-0.7384594678878784,"z":0.047950293868780139,"w":0.6712275147438049},"size":11.067804336547852,"orthographic":false}