{"cameraMode":{"drawMode":0,"name":"Shaded","section":"Shading Mode"},"sceneLighting":false,"audioPlay":false,"sceneViewState":{"showFog":true,"showMaterialUpdate":false,"showSkybox":false,"showFlares":true,"showImageEffects":true,"showParticleSystems":true,"showVisualEffectGraphs":true,"m_FxEnabled":true},"in2DMode":false,"pivot":{"x":0.0040683746337890629,"y":-0.3160123825073242,"z":-0.27234649658203127},"rotation":{"x":0.14053374528884889,"y":-0.20973239839076997,"z":0.030536776408553125,"w":0.9671603441238403},"size":4.536520957946777,"orthographic":false}