{"cameraMode":{"drawMode":0,"name":"Shaded","section":"Shading Mode"},"sceneLighting":false,"audioPlay":false,"sceneViewState":{"showFog":true,"showMaterialUpdate":false,"showSkybox":false,"showFlares":true,"showImageEffects":true,"showParticleSystems":true,"showVisualEffectGraphs":true,"m_FxEnabled":true},"in2DMode":false,"pivot":{"x":0.0044317543506622318,"y":0.11452677845954895,"z":0.4573940634727478},"rotation":{"x":-0.15050172805786134,"y":0.5016414523124695,"z":-0.08911330252885819,"w":-0.8472102880477905},"size":0.27825531363487246,"orthographic":false}