{"cameraMode":{"drawMode":0,"name":"Shaded","section":"Shading Mode"},"sceneLighting":false,"audioPlay":false,"sceneViewState":{"showFog":true,"showMaterialUpdate":false,"showSkybox":false,"showFlares":true,"showImageEffects":true,"showParticleSystems":true,"showVisualEffectGraphs":true,"m_FxEnabled":true},"in2DMode":false,"pivot":{"x":0.563426673412323,"y":0.520183265209198,"z":-1.4134511947631837},"rotation":{"x":0.0005812525050714612,"y":-0.9990785121917725,"z":0.04079379141330719,"w":0.014096509665250779},"size":2.2982540130615236,"orthographic":false}