{"cameraMode":{"drawMode":0,"name":"Shaded","section":"Shading Mode"},"sceneLighting":false,"audioPlay":false,"sceneViewState":{"showFog":true,"showMaterialUpdate":false,"showSkybox":false,"showFlares":true,"showImageEffects":true,"showParticleSystems":true,"showVisualEffectGraphs":true,"m_FxEnabled":true},"in2DMode":false,"pivot":{"x":0.012287735939025879,"y":1.0031319856643677,"z":0.07979154586791992},"rotation":{"x":-0.0005399112123996019,"y":-0.9990317225456238,"z":0.042293135076761249,"w":-0.012879641726613045},"size":2.2982540130615236,"orthographic":false}