{"cameraMode":{"drawMode":0,"name":"Shaded","section":"Shading Mode"},"sceneLighting":false,"audioPlay":false,"sceneViewState":{"showFog":true,"showMaterialUpdate":false,"showSkybox":false,"showFlares":true,"showImageEffects":true,"showParticleSystems":true,"showVisualEffectGraphs":true,"m_FxEnabled":true},"in2DMode":false,"pivot":{"x":-0.8909125328063965,"y":-0.14872950315475465,"z":1.0536221265792847},"rotation":{"x":-0.13116547465324403,"y":0.8156992793083191,"z":-0.20382484793663026,"w":-0.5253362059593201},"size":1.2000173330307007,"orthographic":false}