{"cameraMode":{"drawMode":0,"name":"Shaded","section":"Shading Mode"},"sceneLighting":false,"audioPlay":false,"sceneViewState":{"showFog":true,"showMaterialUpdate":false,"showSkybox":false,"showFlares":true,"showImageEffects":true,"showParticleSystems":true,"showVisualEffectGraphs":true,"m_FxEnabled":true},"in2DMode":false,"pivot":{"x":0.10083610564470291,"y":1.5109869241714478,"z":2.3472540378570558},"rotation":{"x":0.0366683304309845,"y":-0.9441993236541748,"z":0.11271805316209793,"w":0.3073967397212982},"size":0.46394050121307375,"orthographic":false}