{"cameraMode":{"drawMode":0,"name":"Shaded","section":"Shading Mode"},"sceneLighting":false,"audioPlay":false,"sceneViewState":{"showFog":true,"showMaterialUpdate":false,"showSkybox":false,"showFlares":true,"showImageEffects":true,"showParticleSystems":true,"showVisualEffectGraphs":true,"m_FxEnabled":true},"in2DMode":false,"pivot":{"x":0.009999483823776245,"y":1.4910000562667847,"z":1.2191463708877564},"rotation":{"x":-0.03865543380379677,"y":-0.9557421803474426,"z":0.14620628952980042,"w":-0.25246483087539675},"size":1.0639405250549317,"orthographic":false}