{"cameraMode":{"drawMode":0,"name":"Shaded","section":"Shading Mode"},"sceneLighting":false,"audioPlay":false,"sceneViewState":{"showFog":true,"showMaterialUpdate":false,"showSkybox":false,"showFlares":true,"showImageEffects":true,"showParticleSystems":true,"showVisualEffectGraphs":true,"m_FxEnabled":true},"in2DMode":false,"pivot":{"x":0.36656999588012698,"y":0.723286509513855,"z":-0.9991176128387451},"rotation":{"x":-0.001416784361936152,"y":-0.992496907711029,"z":-0.011604875326156617,"w":0.12179852277040482},"size":1.1196181774139405,"orthographic":false}