{"cameraMode":{"drawMode":0,"name":"Shaded","section":"Shading Mode"},"sceneLighting":false,"audioPlay":false,"sceneViewState":{"showFog":true,"showMaterialUpdate":false,"showSkybox":false,"showFlares":true,"showImageEffects":true,"showParticleSystems":true,"showVisualEffectGraphs":true,"m_FxEnabled":true},"in2DMode":false,"pivot":{"x":0.8117356896400452,"y":-0.10377943515777588,"z":0.8179225921630859},"rotation":{"x":-0.023891499266028405,"y":0.9456793069839478,"z":-0.3163455128669739,"w":-0.07170229405164719},"size":1.6689708232879639,"orthographic":false}