{"cameraMode":{"drawMode":0,"name":"Shaded","section":"Shading Mode"},"sceneLighting":false,"audioPlay":false,"sceneViewState":{"showFog":true,"showMaterialUpdate":false,"showSkybox":false,"showFlares":true,"showImageEffects":true,"showParticleSystems":true,"showVisualEffectGraphs":true,"m_FxEnabled":true},"in2DMode":false,"pivot":{"x":-0.15892934799194337,"y":1.2393172979354859,"z":4.235920429229736},"rotation":{"x":-0.01563606783747673,"y":-0.7672577500343323,"z":0.018610714003443719,"w":-0.6409510970115662},"size":1.2238857746124268,"orthographic":false}