{"cameraMode":{"drawMode":0,"name":"Shaded","section":"Shading Mode"},"sceneLighting":false,"audioPlay":false,"sceneViewState":{"showFog":true,"showMaterialUpdate":false,"showSkybox":false,"showFlares":true,"showImageEffects":true,"showParticleSystems":true,"showVisualEffectGraphs":true,"m_FxEnabled":true},"in2DMode":false,"pivot":{"x":4.656612873077393e-10,"y":-0.0030000004917383196,"z":-0.24050000309944154},"rotation":{"x":-0.13625288009643556,"y":0.8471601605415344,"z":-0.26095300912857058,"w":-0.44233274459838869},"size":0.240518718957901,"orthographic":false}