{"cameraMode":{"drawMode":0,"name":"Shaded","section":"Shading Mode"},"sceneLighting":false,"audioPlay":false,"sceneViewState":{"showFog":true,"showMaterialUpdate":false,"showSkybox":false,"showFlares":true,"showImageEffects":true,"showParticleSystems":true,"showVisualEffectGraphs":true,"m_FxEnabled":true},"in2DMode":false,"pivot":{"x":3.6377522945404054,"y":0.07013794034719467,"z":-16.330066680908204},"rotation":{"x":-0.29810360074043276,"y":-0.6932497620582581,"z":0.39352232217788699,"w":-0.5250993371009827},"size":10.302767753601075,"orthographic":false}