{"cameraMode":{"drawMode":0,"name":"Shaded","section":"Shading Mode"},"sceneLighting":false,"audioPlay":false,"sceneViewState":{"showFog":true,"showMaterialUpdate":false,"showSkybox":false,"showFlares":true,"showImageEffects":true,"showParticleSystems":true,"showVisualEffectGraphs":true,"m_FxEnabled":true},"in2DMode":false,"pivot":{"x":-0.14135104417800904,"y":0.510850191116333,"z":-0.7355413436889648},"rotation":{"x":-0.04893400892615318,"y":-0.9510855078697205,"z":0.21948625147342683,"w":-0.21193914115428925},"size":1.4727210998535157,"orthographic":false}