{"cameraMode":{"drawMode":0,"name":"Shaded","section":"Shading Mode"},"sceneLighting":false,"audioPlay":false,"sceneViewState":{"showFog":true,"showMaterialUpdate":false,"showSkybox":false,"showFlares":true,"showImageEffects":true,"showParticleSystems":true,"showVisualEffectGraphs":true,"m_FxEnabled":true},"in2DMode":false,"pivot":{"x":1.0521252155303956,"y":1.5713502168655396,"z":3.9646928310394289},"rotation":{"x":-0.004481226671487093,"y":-0.9954952597618103,"z":0.07360747456550598,"w":-0.06005996838212013},"size":0.23845034837722779,"orthographic":false}