{"cameraMode":{"drawMode":0,"name":"Shaded","section":"Shading Mode"},"sceneLighting":false,"audioPlay":false,"sceneViewState":{"showFog":true,"showMaterialUpdate":false,"showSkybox":false,"showFlares":true,"showImageEffects":true,"showParticleSystems":true,"showVisualEffectGraphs":true,"m_FxEnabled":true},"in2DMode":false,"pivot":{"x":-0.4165038466453552,"y":-0.4668716490268707,"z":-0.5694524049758911},"rotation":{"x":-0.04786694794893265,"y":0.9396634697914124,"z":-0.30495166778564455,"w":-0.14749830961227418},"size":2.7247447967529299,"orthographic":false}