{"cameraMode":{"drawMode":0,"name":"Shaded","section":"Shading Mode"},"sceneLighting":false,"audioPlay":false,"sceneViewState":{"showFog":true,"showMaterialUpdate":false,"showSkybox":false,"showFlares":true,"showImageEffects":true,"showParticleSystems":true,"showVisualEffectGraphs":true,"m_FxEnabled":true},"in2DMode":false,"pivot":{"x":0.006000000052154064,"y":-0.034999996423721316,"z":-0.05497954785823822},"rotation":{"x":0.34637075662612917,"y":0.6266929507255554,"z":-0.3644619286060333,"w":0.5954258441925049},"size":1.8000173568725587,"orthographic":false}